{"Accuracy": {"LogisticRegression": 0.8232858990944373, "Random Forest": 0.9868046571798189, "XGBoost": 0.9904269081500647, "KNN": 0.9642949547218629, "SVC": 0.9485122897800776}, "F1 Score": {"LogisticRegression": 0.8222742648972157, "Random Forest": 0.9868522815158546, "XGBoost": 0.9904761904761905, "KNN": 0.9653788258906172, "SVC": 0.949428208386277}}